Rank,Background,Type,Outfit,Expression,Text,Score
1,Cockpit Red,Normal,MAGA,Happy,,31.0
2,Neon Orange,Normal,MAGA,Amused,,31.0
3,Spaceship Corridor Orange,Normal,MAGA,Curious,,31.0
4,Spaceship Corridor Red,Normal,MAGA,Sour,,31.0
5,UFO Red,Normal,MAGA,Surprised,,31.0
6,Spaceship Corridor White,Rare,Android,,Light Blue Opaque,23.2
7,Spaceship Corridor Blue,Rare,Android,,Blue Opaque,23.1
8,Spaceship Corridor Green,Rare,OG,,Green Opaque,21.5
9,UFO White,Rare,Android,,Light Blue Opaque,19.6
10,Cockpit Red,Normal,Leather Jacket,Chill,Orange Solid,19.2
11,Spaceship Corridor Green,Normal,Business Suit,Angry,Green Opaque,18.7
12,Neon Orange,Normal,Alien Terrain Suit,Amused,Orange Solid,18.6
13,UFO Green,Rare,OG,,Green Opaque,18.4
14,Spaceship Corridor Blue,Normal,Business Suit,Curious,Blue Opaque,18.3
15,Spaceship Corridor Pink,Normal,Business Suit,Sour,Pink Opaque,18.3
16,Spaceship Corridor White,Normal,Business Suit,Angry,Light Blue Opaque,18.3
17,Cockpit Green,Rare,OG,,Green Opaque,18.2
18,UFO Red,Normal,Leather Jacket,Confused,Orange Solid,17.8
19,Abyss,Normal,Leather Jacket,Sad,,17.5
20,UFO Pink,Normal,Alien Terrain Suit,Surprised,Pink Opaque,16.9
21,Spaceship Corridor Orange,Normal,Jacket,Chill,Orange Solid,16.9
22,UFO Inverted,Normal,Leather Jacket,Confused,,16.6
23,Cockpit Green,Normal,Alien Scuba,Happy,Green Opaque,16.4
24,Cockpit Pink,Normal,Leather Jacket,Happy,,16.2
25,UFO Blue,Normal,Jacket,Surprised,Blue Opaque,15.6
26,UFO Light Blue,Normal,Jacket,Curious,Blue Opaque,15.6
27,Cockpit White,Normal,Alien Scuba,Amused,Light Blue Opaque,15.3
28,Cockpit Light Blue,Normal,Jacket,Chill,Blue Opaque,15.1
29,Cockpit Light Blue,Normal,Alien Scuba,Happy,Blue Opaque,15.1
30,Cockpit Blue,Normal,Alien Scuba,Amused,Blue Opaque,15.1
31,Cockpit Blue,Normal,Jacket,Chill,Blue Opaque,15.1
32,UFO Green,Normal,Alien Uniform,Confused,Green Opaque,14.2
33,UFO Blue,Normal,Alien Terrain Suit,Surprised,Blue Opaque,14.0
34,UFO Light Blue,Normal,Alien Terrain Suit,Curious,Blue Opaque,14.0
35,Spaceship Corridor Red,Normal,Sports Jacket,Sour,Orange Solid,13.7
36,Spaceship Corridor Pink,Rare,Infantry,,Pink Opaque,13.2
37,Cockpit White,Normal,Alien Terrain Suit,Happy,Light Blue Opaque,12.9
38,UFO Pink,Normal,Hoodie,Confused,Pink Opaque,12.0
39,Abyss,Normal,Sports Jacket,Sad,,12.0
40,Pyramids,Normal,Alien Uniform,Confused,,11.9
41,Cockpit Pink,Normal,Alien Spacesuit,Amused,Pink Opaque,11.6
42,Terra,Normal,Alien Scuba,Sad,,11.5
43,Pyramids,Normal,Sports Jacket,Curious,,11.3
44,Cove,Normal,Alien Uniform,Sad,,11.2
45,Celestial,Normal,Sports Jacket,Chill,,11.1
46,Portal,Normal,Sports Jacket,Sad,,10.9
47,Celestial,Normal,Alien Uniform,Chill,,10.7
48,UFO White,Normal,Alien Militia,Surprised,Light Blue Opaque,10.5
49,UFO,Normal,Business Suit,Surprised,,10.5
50,Spheres,Normal,Alien Uniform,Confused,,10.3
